NEWAOSNUMBER (ORI9),State,County,City,Summary,Link 1 Date,Link 1,Link 2 Date,Link 2,Link 3 Date,Link 3,corrected_earliest_date,reasoing
TX0140300BWC,TX,Bell County,Harker Heights,The Harker Heights Police Department patrol officers wear Coban body-worn cameras.,2017/2018,http://www.ci.harker-heights.tx.us/images/PDF/HarkerHeightsFY2017-2018BudgetBook.pdf,01/14/2020,https://www.facebook.com/harkerheightspd/photos/a.1677204508960964/3483623328319064/?type=3&theater,NA,NA,30/9/2017,"The federal fiscal year mentioned in the budget confirming the acquisition begins on October 1st, so the day prior was chosen. "
NV0160100BWC,NV,Washoe County,Reno,"The Reno Police Department has been using Axon body-worn cameras since at least 2018. In 2022, the agency upgraded to Axon's Fleet model.",6/11/2018,https://www.ktvn.com/story/38400035/local-officers-begin-wearing-body-cameras,10/26/2022,Reno City Council,Meeting documents,https://reno.primegov.com/Portal/viewer?id=1173&type=2,NA,
CA0270600PRPO,CA,Monterey County,Monterey,The Monterey Police Department began using PredPol (now Geolitica) predictive policing software sometime between 2015 and 2017.,2017-2019,https://monterey.org/Portals/0/Reports/Finance/Budget/Adopted-Budget-2017-2019-Biennium_FINAL.pdf,NA,NA,NA,NA,30/6/2017,Fiscal plan for the FY 2017-19. Assumedly published before the FY began. 
GA1360100BWC,GA,Thomas County,Thomasville,"In 2017, the Thomasville Police Department bought 25 Motorola body-worn cameras.",4/23/2019,https://www.timesenterprise.com/news/local_news/officers-body-cams-help-police-and-the-public/article_2c37651d-4af9-5198-be38-9ed93930d9f8.html,"21, 2019",https://www.valdostadailytimes.com/news/local_news/ever-vigilant-body-cams-keep-police-on-the-record/article_d9ea301a-822d-5edd-b98f-8a6939727dd8.html,NA,NA,NA,
NJ0150600BWC,NJ,Ocean County,Brick Township,"The Brick Police Department has 88 body-worn cameras, according to a 2020 survey from New Jersey Attorney General's Office.",2020,https://www.nj.gov/oag/newsreleases20/2020-BWC-Survey_FULL.pdf,2016-2019,https://www.documentcloud.org/documents/6573652-2016-BWCPIP-Factsheet-2016-Final.html,NA,NA,30/6/2016,Link 2 specifies it was for the fiscal year of 2016. The end of this year will be chosen as the publication date
CA0191600BWC,CA,Los Angeles County,Covina,"The Covina Police Department was awarded $187,000 in U.S. Department of Justice funds in 2016 to implement body-worn cameras. As of 2020, the program was still in development.",2020-2021,https://covinaca.gov/sites/default/files/fileattachments/police/page/1048/covina_pd_strategic_plan_2020_21_external_print_1.pdf,2019,https://covinaca.gov/sites/default/files/fileattachments/police/page/1048/community_october_2019_monthly_report.pdf,2017,https://covinaca.gov/sites/default/files/fileattachments/finance/page/3131/fy_2017_cip_with_cover_page.pdf,30/6/2017,The earliest link was published for the 2017-21 financial years. The date prior to the 2017 fiscal year will be used. 
UT0250100BWC,UT,Utah County,American Fork,The American Fork Police Department first adopted body-worn cameras in 2007.,1/2/2014,https://archive.sltrib.com/article.php?id=57270656&itype=CMSID,2019-2020,https://afcity.org/DocumentCenter/View/10666/FY-2020-Adopted-Budget,11/12/2019,https://afcity.org/DocumentCenter/View/11513/FY-2019-Comprehensive-Annual-Financial-Report,NA,
WY0150100BWC,WY,Park County,Cody,"The Cody City Council approved funding for the Cody Police Department's in-car camera and integrated body-worn camera system in the 2016-17 fiscal year. The program was partially funded by a $50,000 U.S. Department of Justice grant. The Cody Police Department also received a Small, Rural, and Tribal Body-Worn Camera Program grant for $30,000 for 30 body-worn cameras in 2023.",2016-17,https://www.cityofcody-wy.gov/367/Body-Cameras,7/2/2018,http://www.codyenterprise.com/news/local/article_d035bc46-7e2f-11e8-b525-df36ff45433c.html,2024,https://www.srtbwc.com/micro-grantees-2023/,30/6/2016,The link details the 2016-2017 financial year
CA0301000ALPR,CA,Orange County,Huntington Beach,The Huntington Beach Police Department usees Flock Safety and Motorola Solutions (formerly Vigilant Solutions) automated license plate readers).,2023,https://www.muckrock.com/foi/huntington-beach-3252/automated-license-plate-readers-huntington-beach-police-department-136199/,2/13/2020,https://www.auditor.ca.gov/reports/2019-118/surveys/huntington_beach_police_department.html,Huntington Beach,https://www.huntingtonbeachca.gov/files/users/info_systems/Proposed-Budget-2020-2021-REVISED-.pdf,NA,
CA0196900ALPR,CA,Los Angeles County,South Gate,The South Gate Police Department operates automated license plate readers.,5/31/2016,https://www.cityofsouthgate.org/files/sharedassets/public/v/1/government/departments/police/documents/16-03-alpr-1.pdf,6/52023,https://www.muckrock.com/foi/south-gate-3456/automated-license-plate-readers-south-gate-police-department-136338/#file-1057446,NA,NA,NA,
CA0301500BWC,CA,Orange County,Orange,"The Orange Police Department entered into a 5-year contract with Axon for body-worn cameras, in-car cameras, and related services for $1.6 million in 2020.",3/10/2020,https://citydocs.cityoforange.org/WebLink/edoc/244008275/07.01%20Police%20Department%20Camera%20System.pdf?dbid=0&repo=CityofOrange,possibly 2020 or 2021,https://citydocs.cityoforange.org/OrangePD/DocView.aspx?id=68377&dbid=0&repo=OrangePD&cr=1,03/19/2022,https://www.facebook.com/photo.php?fbid=292324259710289&set=pb.100067981504315.-2207520000..&type=3,NA,
NJ0200300UAV,NJ,Union County,Cranford,"The Cranford Police Department purchased three drones (the DJI Mini 2, DJI Mavic Enterprise Advanced, and DJI Mavic Enterprise Dual) for use in various missions.",12/102/21,https://dronelife.com/2021/12/10/cranford-police-use-drones-hurrican-ida-response/,NA,NA,NA,NA,12/10/2021,input error
IN0450500BWC,IN,Lake County,Gary,The Gary Police Department received a grant for body-worn cameras in 2022.,NWI.com,https://www.nwitimes.com/news/local/lake/gary/gary-awarded-grant-for-police-body-cameras-officials-say/article_6e8f5810-1648-5426-8b81-0156ed9de373.html,NA,NA,NA,NA,13/4/2022,input error
FL0510000UAV,FL,Pasco County,Land O' Lakes,"The Pasco County Sheriff's Office operates a drone program, which included adding an autonomous Skydio drone in 2022.",1/8/2021,https://www.flsenate.gov/Committees/Show/CJ/Meeting%20Packet/4980,3/31/21,https://www.facebook.com/pascosheriff/posts/the-tactical-uav-unmanned-aerial-vehicle-aka-drone-unit-is-currently-holding-try/3939631496075031/,Press release,https://www.skydio.com/blog/safe-announcement,NA,
CA0270700CR,CA,Monterey County,Pacific Grove,The Pacific Grove Police Department maintains a voluntary registry of private and personal surveillance cameras through Motorola Solutions' CityProtect platform.,NA,https://www.cityofpacificgrove.org/our_city/departments/police/safety___crime_prevention/camera_registration_program.php,5/5/2018,https://www.ksbw.com/article/pacific-grove-police-ask-public-to-register-security-cameras/20197175,Vendor information,CityProtect,NA,
FL0520300BWC,FL,Pinellas County,Clearwater,"The Clearwater Police Department entered a $2.2 million, five-year contract for 200 Axon Body 3 body-worn cameras and related services in 2020.",Tampa Bay Times,https://www.tampabay.com/news/clearwater/2020/08/06/clearwater-police-officers-will-wear-body-cameras-next-year/,06/19/2022,https://www.instagram.com/p/CfATUlgMXcn/?hl=en,NA,NA,6/8/2020,input error
VA1260000BWC,VA,NA,Staunton,"In 2018, the Staunton Police Department replaced 53 body-worn cameras and 10 docking stations as part of the City's contract with Axon.","19, 2018",https://www.stauntonbusiness.com/Home/ShowDocument?id=5436,NA,NA,NA,NA,18/3/2018,input error
CA0570300PRPO,CA,Yolo County,Woodland,The Woodland Police Department began using PredPol (now Geolitica) predictive policing software in 2013.,10/2/2013,https://www.kcra.com/article/woodland-officers-adopt-predictive-policing-to-fight-crime/6408107,10-Apr,https://www.predpol.com/woodland-police-enlist-predictive-policing/,NA,NA,NA,
TN0320100BWC,TN,Hamblen County,Morristown,"The Morrisontown Police Department purchased 100 Axon body-worn cameras for $94,000 in 2018. The U.S. Department of Justice awarded $42,500 to the Morristown Police Department in 2016 as part of the Bureau of Justice Assistance's body-worn camera grant program.",8/12/2020,https://www.facebook.com/CityofMorristown/photos/a.403500591616/10158931386551617,43235,https://www.citizentribune.com/news/local/mpd-buys-new-body-cameras/article_ed602fa8-5856-11e8-b54a-63fa3c2cb161.html,3/19/2020,http://jeffersoncountypost.com/?p=54392,NA,
CA0194100CSS,CA,Los Angeles County,Long Beach,"The Long Beach Police Department has a cell-site simulator. The department replaced their Harris Corporation device with one from KeyW, which has been acquired by Jacobs Technology.",9/102/2020,https://www.scribd.com/document/482904676/LBPD-Cellular-Comm-Intercept-Technology-Watch-Report-Special-Order-9-10-2020,08/27/2017,https://www.latimes.com/politics/la-pol-sac-cell-phone-surveillance-transparency-law-20170827-htmlstory.html,3/9/2022,https://www.MuckRock.com/foi/long-beach-291/cell-site-simulator-agreement-and-procurement-information-long-beach-police-department-124656/,NA,
ME0100600BWC,ME,Penobscot County,Orono,The Orono Police Department has used WatchGuard body-worn cameras since 2016.,11/26/2018,https://bangordailynews.com/2018/11/26/news/bangor/brewer-and-bangor-police-try-out-body-cameras-orono-police-could-answer-their-questions/,02/25/2016,https://q1065.fm/police-in-orono-begin-wearing-body-cameras-on-duty/,44862,https://wgme.com/news/i-team/maine-mom-wants-more-body-cameras-after-police-shot-her-son-chad-dionne-york-county-sheriffs-office-sabattus-police-department#,NA,
ME0020500BWC,ME,Aroostook County,Madawaska,"The Madawaska Police Department received a $2,000 grant to purchase four body-worn cameras in 2020.",06/30/2020,https://fiddleheadfocus.com/2020/06/30/news/madawaska-police-department-to-gear-up-with-body-cameras/,10/28/2022,https://wgme.com/news/i-team/maine-mom-wants-more-body-cameras-after-police-shot-her-son-chad-dionne-york-county-sheriffs-office-sabattus-police-department#,44862,https://public.flourish.studio/visualisation/11599475/,NA,
ME0020000BWC,ME,Aroostook County,Houlton,The Aroostook County Sheriff's Office uses body-worn cameras.,1/4/2017,https://bangordailynews.com/2017/01/04/news/south-portland-police-will-start-using-body-cameras/,10/28/2022,https://wgme.com/news/i-team/maine-mom-wants-more-body-cameras-after-police-shot-her-son-chad-dionne-york-county-sheriffs-office-sabattus-police-department#,44862,https://public.flourish.studio/visualisation/11599475/,NA,
TX1013300BWC,TX,‎Harris County‎,Houston,The Texas Southern University Police Department received a donation of 40 Wolfcom body-worn cameras in 2015.,unknown,http://bodycamerareviews.com/texas-southern-university-police-receives-donated-wolfcom-police-body-cameras/,11/23/2015,http://newhome.tsu.edu/about/administration/marketing-and-communications/enews/pdf/tsu_enews_now_november_23_2015.pdf,NA,NA,NA,
XX0000597ALPR,KS,Douglas County,Lawrence,The University of Kansas began using automated license plate readers for parking enforcement in 2015.,Lawrence Journal-World,https://www2.ljworld.com/news/2015/aug/17/ku-parking-going-paperless/,NA,NA,NA,NA,17/8/2015,input error
MO0950H00ALPR,MO,St. Louis County,Maryland Heights,The Maryland Heights Police Department has been using mobile automated license plate readers since 2010. A stationary ALPR system was included in the police department's 2020 budget.,5/4/2010,https://www.stltoday.com/suburban-journals/metro/news/scanning-for-crooks/article_23dd5f3b-3a49-5c55-862e-9f80f3010d3b.html,Maryland Heights Police Department,https://www.marylandheights.com/Document_Center/Department/Administration/finance/Budget%20Information/102020Police.pdf,NA,NA,NA,
MA0111800ALPR,MA,Norfolk County,Norwood,The Norwood Police Department acquired automated license plate readers in 2010.,03/15/2016 (Updated 01/07/2019),https://www.masslive.com/politics/2016/03/massachusetts_lawmakers_weigh_2.html,12/21/2012,https://www.MuckRock.com/foi/norwood-350/norwood-ma-alpr-2347,12/11/2010,https://data.aclum.org/wp-content/uploads/2018/06/ALPR_attach_statepolice.pdf,NA,
MA0051100ALPR,MA,Essex County,Haverhill,The Haverhill Police Department acquired automated license plate readers before recieving a grant for more systems in 2010.,News Article,https://privacysos.org/alpr/,11/8/2012,https://www.MuckRock.com/foi/haverhill-265/haverhill-ma-alpr-2171/#file-5744,11/29/2010,https://data.aclum.org/wp-content/uploads/2018/06/ALPR_attach_statepolice.pdf,NA,
WA0310000UAV,WA,Snohomish County,Everett,The Snohomish County Sheriff's Department has used drones as of 2019.,The News Tribune,https://www.thenewstribune.com/news/state/washington/article248935084.html,11/17/2019,https://www.heraldnet.com/news/drones-give-state-local-agencies-a-helpful-eye-in-the-sky/,NA,NA,NA,
CA0120000ALPR,CA,Humboldt County,Eureka,The Humboldt County Sheriff's Office began using automated license plate readers in January 2022.,11/21/2022,https://www.MuckRock.com/foi/humboldt-county-3039/automated-license-plate-readers-humboldt-county-sheriffs-office-136085/,4/102/2024,https://lostcoastoutpost.com/2024/apr/10/yesterday-supes-board-narrowly-approves-sign-ordin/,NA,NA,NA,
NV0020300BWC,NV,Clark County,Henderson,The Henderson Police Department uses body-worn cameras.,7/5/2022,https://news3lv.com/news/local/henderson-police-release-body-cam-footage-of-first-2022-officer-involved-shooting,NA,https://www.kingtoptec.com/body-worn-cameras/henderson-police-body-cameras-improving-transparency-and-accountability-in-modern-law-enforcement,7/72018,https://www.reviewjournal.com/crime/north-las-vegas-henderson-police-slow-on-new-bodycam-rules/,7/7/2018,input error
WADI05400BWC,WA,Grays Harbor County,Taholah,The Quinault Nation Police Department uses WatchGuard body-worn cameras.,Quinault Nation Facebook Page,https://www.facebook.com/photo.php?fbid=136257269259620&set=pb.100086260425621.-2207520000&type=3,10/28/2017,https://www.thedailyworld.com/news/quinalt-nation-pd-k9-gets-protective-vest/,NA,NA,NA,
TX0210000ALPR,TX,Brazos County,Bryan,The Brazos County Sheriff's Office uses automated license plate reader trailers.,9/19/2023,https://www.brazoscountytx.gov/DocumentCenter/View/4635/FY-2024-Brazos-County-Adopted-Budget,NA,https://gov.texas.gov/uploads/files/press/Homeland_Security_-_FY2021_Grant_List.pdf,Government budget/purchasing,https://www.brazoscountytx.gov/DocumentCenter/View/4212/FY-2023-Adopted-Budget,NA,
FL0131100CR,FL,Miami-Dade County,Doral,Doral Police Department uses the Fusus camera registry system.,01/16/2024,https://www.404media.co/fusus-ai-cameras-map-local-police/,Axon,The Doral Police Department maintains a camera registry via Axon.,NA,Government information,NA,
GA0330200TPIPCT,GA,Cobb County,Marietta,The Cobb County Police Department uses SoundThinking's CrimeTracer investigative platform.,NA,https://www.soundthinking.com/crimetracer-customer-testimonials/,5/82/2023,https://www.youtube.com/watch?v=0DN7YIY3tZk&feature=youtu.be,NA,NA,8/5/2023,input error
NJ0180300ALPR,NJ,Somerset County,Bernardsville,The Bernardsville Police Department uses automated license plate readers.,3/9/2020/2020,https://www.muckrock.com/foi/bernardsville-1080/2020-vigilant-data-sharing-information-automated-license-plate-reader-alpr-bernardsville-police-department-87004/,5-22-2023,https://bernardsville.gov/meetings/meeting-documents/mayor-council-meeting/2023-mayor-council-meeting-documents/2023-agendas/1126-5-22-23-mayor-council-meeting-agenda/file,NA,NA,28/1/2021,input error
MN0821100BWC,MN,Washington County,Woodbury,"The Woodbury Public Safety Department uses WatchGuard body-worn cameras, according to a 2023 audit.",12/11/2023,https://www.lrl.mn.gov/docs/2023/mandated/231975.pdf,11/31/2021,https://www.lrl.mn.gov/docs/2021/mandated/211126.pdf,12/28/2019,https://www.lrl.mn.gov/docs/2020/mandated/200264.pdf,NA,
NC0490100UAV,NC,Iredell County,Mooresville,"The Moorevsille Police Department spent $300,000 on Flock Safety drones to launch a drone as first responder program in October 2025.",3/202/2025,https://www.documentcloud.org/documents/26184634-complete-with-docusign-addendum-flock-group-2/,10/15/2025,https://www.wsoctv.com/news/local/mooresville-police-department-spends-300k-drones/OZSXKQIYPBDY3BUVMSIQZ4TPSU/,NA,NA,30/12/2020,
MD0130200BWC,MD,Harford County,Bel Air,The Bel Air Police Department uses Axon body-worn cameras.,1/21/20204,https://www.facebook.com/photo.php?fbid=1014784080690814&set=pb.100064776936236.-2207520000&type=3,6/30/2020,https://www.belairmd.org/documentcenter/view/3964,5/20/2019,https://www.wmar2news.com/news/region/harford-county/bel-air-police-months-from-equipping-officers-with-body-worn-cameras,NA,
TX1050700CR,TX,Hays County,Kyle,The Kyle Police Department maintains a community cameras registry,11/4/2024,https://www.cityofkyle.com/communications/page/kyle-police-department-launches-real-time-crime-center,NA,https://connectkyle.org/,News article,KXAN,NA,
MN0271200UAV,MN,Hennepin County,Minnetonka,The Minnetonka Police Department uses drones and launched Minnesota's first drone-as-first responder program in 2025.,7/11/2025,https://www.startribune.com/minnetonka-police-drones-respond/601417896,"August 25, 2025",https://www.cbsnews.com/minnesota/news/minnetonka-drone-first-responder/,News article,Minnesota Star Tribune,NA,
MA0112000UAV,MA,Norfolk County,Quincy,The Quincy Police Department owns a drone unit.,?,https://www.quincyma.gov/departments/police/programs/citizen_s_police_academy.php,NA,NA,NA,NA,1/9/2024,"No date of publish, but details a training that will occur in September and November of 2024."
NJ0010200RTCC,NJ,Atlantic County,Atlantic City,The Atlantic City Police Department implemented a real-time crime center in 2017.,2020,https://www.acnj.gov/_Content/pdf/acnj-police-2020-annual-report-v5.pdf,N/A,https://www.acpolicefoundation.org/board-members-bio/chief-james-a-sarkos,3/17/2025,https://visualsound.com/case-study-rtcc-video-wall-solution/,1/1/2021,"Report of 2020, no date on publication. "